Seconds_Elapsed,Purp_Pct,Blue_Pct
0,50.07,49.93
10,50.07,49.93
20,50.07,49.93
30,50.07,49.93
40,50.07,49.93
50,50.07,49.93
60,50.07,49.93
70,50.07,49.93
80,50.07,49.93
90,50.07,49.93
100,50.07,49.93
110,50.39,49.61
120,51.84,48.16
130,52.79,47.21
140,51.5,48.5
150,51.69,48.31
160,53.87,46.13
170,50.85,49.15
180,52.01,47.99
190,51.13,48.87
200,51.45,48.55
210,51.12,48.88
220,51.22,48.78
230,50.89,49.11
240,51.76,48.24
250,54.24,45.76
260,54.35,45.65
270,53.54,46.46
280,52.12,47.88
290,52.83,47.17
300,53.26,46.74
310,51.85,48.15
320,49.31,50.69
330,49.97,50.03
340,49.68,50.32
350,48.05,51.95
360,49.61,50.39
370,49.03,50.97
380,48.17,51.83
390,47.85,52.15
400,48.93,51.07
410,48.5,51.5
420,49.61,50.39
430,50.91,49.09
440,50.88,49.12
450,52.42,47.58
460,53.42,46.58
470,52.93,47.07
480,53.89,46.11
490,51.31,48.69
500,49.68,50.32
510,51.2,48.8
520,49.97,50.03
530,47.76,52.24
540,48.94,51.06
550,47.21,52.79
560,48.85,51.15
570,49.49,50.51
580,49.62,50.38
590,49.63,50.37
600,47.4,52.6
610,47.51,52.49
620,46.25,53.75
630,45.65,54.35
640,45.9,54.1
650,45.89,54.11
660,49.05,50.95
670,46.87,53.13
680,48.25,51.75
690,46.39,53.61
700,44.56,55.44
710,44.2,55.8
720,36.76,63.24
730,36.41,63.59
740,32.47,67.53
750,35.48,64.52
760,36.64,63.36
770,34.27,65.73
780,41.66,58.34
790,63.93,36.07
800,63.31,36.69
810,67.2,32.8
820,70.7,29.3
830,71.54,28.46
840,71.7,28.3
850,70.02,29.98
860,69.41,30.59
870,66.13,33.87
880,65.86,34.14
890,63.78,36.22
900,63.59,36.41
910,64.47,35.53
920,65.84,34.16
930,64.75,35.25
940,66.03,33.97
950,64.51,35.49
960,65.33,34.67
970,65.81,34.19
980,66.71,33.29
990,63.38,36.62
1000,63.66,36.34
1010,65.92,34.08
1020,69.69,30.31
1030,68.37,31.63
1040,67.75,32.25
1050,68.17,31.83
1060,68.0,32.0
1070,67.83,32.17
1080,67.45,32.55
1090,66.81,33.19
1100,73.89,26.11
1110,67.93,32.07
1120,57.34,42.66
1130,51.19,48.81
1140,45.9,54.1
1150,47.47,52.53
1160,47.77,52.23
1170,50.29,49.71
1180,46.64,53.36
1190,47.83,52.17
1200,50.29,49.71
1210,49.89,50.11
1220,53.2,46.8
1230,54.39,45.61
1240,73.13,26.87
1250,73.51,26.49
1260,72.72,27.28
1270,72.24,27.76
1280,70.49,29.51
1290,76.83,23.17
1300,76.39,23.61
1310,78.41,21.59
1320,77.71,22.29
1330,78.74,21.26
1340,78.14,21.86
1350,77.43,22.57
1360,75.28,24.72
1370,75.69,24.31
1380,77.79,22.21
1390,78.21,21.79
1400,78.67,21.33
1410,79.13,20.87
1420,78.99,21.01
1430,83.34,16.66
1440,87.37,12.63
1450,92.49,7.51
1460,94.62,5.38
1470,94.81,5.19
1480,94.82,5.18
1490,97.76,2.24
1500,97.76,2.24
1510,97.41,2.59
1520,96.43,3.57
1530,97.36,2.64
1540,97.72,2.28
1550,97.99,2.01
1560,97.94,2.06
1570,99.25,0.75
1580,99.66,0.34
1590,99.83,0.17
1600,99.93,0.07
1610,99.93,0.07
1620,99.94,0.06
1630,99.94,0.06
1640,99.93,0.07
1650,99.93,0.07
1660,99.93,0.07
1670,99.93,0.07
1680,99.93,0.07
1690,99.95,0.05
1700,99.94,0.06
1710,99.95,0.05
1720,99.96,0.04
1730,99.95,0.05
1740,99.94,0.06
1750,99.94,0.06
1760,99.94,0.06
1770,99.94,0.06
1780,99.95,0.05
1790,99.95,0.05
1800,99.95,0.05
1810,99.95,0.05
1820,99.97,0.03
1830,99.96,0.04
1840,99.93,0.07
1850,99.96,0.04
1860,99.96,0.04
1870,99.96,0.04
1880,99.95,0.05
1890,99.98,0.02
1900,99.98,0.02
1910,99.98,0.02
1920,99.98,0.02
1930,99.98,0.02
1940,99.99,0.01
1950,99.99,0.01
1960,99.99,0.01
1970,99.99,0.01
1980,99.99,0.01
1990,99.99,0.01
2000,99.99,0.01
2010,100.0,0.0
2020,100.0,0.0
2030,100.0,0.0
